--Broker Table Test Data
INSERT INTO BROKER (BROKER_ID, BROKER_NAME) VALUES ('1', 'Broker A');
INSERT INTO BROKER (BROKER_ID, BROKER_NAME) VALUES ('2', 'Broker B');
INSERT INTO BROKER (BROKER_ID, BROKER_NAME) VALUES ('3', 'Broker C');

--Product Table Test Data
INSERT INTO PRODUCT (PRODUCT_ID, PRODUCT_NAME, PRODUCT_TYPE) VALUES ('1', 'AUDNZD FRD', 'FX Forward');
INSERT INTO PRODUCT (PRODUCT_ID, PRODUCT_NAME, PRODUCT_TYPE) VALUES ('2', 'AUDUSD FRD', 'FX Forward');
INSERT INTO PRODUCT (PRODUCT_ID, PRODUCT_NAME, PRODUCT_TYPE) VALUES ('3', 'Corn Futures', 'Futures');
INSERT INTO PRODUCT (PRODUCT_ID, PRODUCT_NAME, PRODUCT_TYPE) VALUES ('4', 'EURUSD FRD', 'FX Forward');

--Trade Table Test Data
INSERT INTO TRADE (PRODUCT_ID, BROKER_ID, TRADE_REF, TRADE_DATE, QUANTITY, BUY_SELL, PRICE)
VALUES ('1', '1', 'Trade-1', DATE '2022-12-17' ,1000000, 'B', 435.067591);
INSERT INTO TRADE (PRODUCT_ID, BROKER_ID, TRADE_REF, TRADE_DATE, QUANTITY, BUY_SELL, PRICE)
VALUES ('1', '3', 'Trade-2', DATE '2022-12-18' ,2000000, 'S', 78.892093);
INSERT INTO TRADE (PRODUCT_ID, BROKER_ID, TRADE_REF, TRADE_DATE, QUANTITY, BUY_SELL, PRICE)
VALUES ('2', '2', 'Trade-3', DATE '2022-12-19' ,3000, 'B', 542.098922);
INSERT INTO TRADE (PRODUCT_ID, BROKER_ID, TRADE_REF, TRADE_DATE, QUANTITY, BUY_SELL, PRICE)
VALUES ('4', '3', 'Trade-4', DATE '2022-11-20' ,25000000, 'B', 34.234264);
INSERT INTO TRADE (PRODUCT_ID, BROKER_ID, TRADE_REF, TRADE_DATE, QUANTITY, BUY_SELL, PRICE)
VALUES ('2', '2', 'Trade-5', DATE '2022-11-15' ,750, 'S', 23.000913);
INSERT INTO TRADE (PRODUCT_ID, BROKER_ID, TRADE_REF, TRADE_DATE, QUANTITY, BUY_SELL, PRICE)
VALUES ('3', '2', 'Trade-6', DATE '2022-11-16' ,750000, 'S', 32.867856);
